uid,name,location,togo,notification hot checkin,news hot checkin,notification hot spot,news hot spot,viewed checkin,liked,saved,type,timestamp
U07,少爺,淡水文化園區-殼牌倉庫,False,False,False,False,False,False,False,False,report anywhere,1564290148
U07,少爺,原英商嘉士洋行倉庫,False,False,False,False,False,False,False,False,report anywhere,1564290282
U07,少爺,淡水捷運站,False,False,False,False,False,False,False,False,report anywhere,1564290395
U07,少爺,助順大將軍爺廟,False,False,False,False,False,False,False,False,report anywhere,1564291304
U07,少爺,淡水市場,False,False,False,False,False,False,False,False,report anywhere,1564291495
U07,少爺,福佑宮,False,False,False,False,False,False,False,False,report anywhere,1564293183
U07,少爺,緣味古早味蛋糕,False,False,False,False,False,False,False,False,report anywhere,1564293727
U07,少爺,源味本舖現烤蛋糕,False,False,False,False,False,False,False,False,report anywhere,1564293861
U07,少爺,馬偕銅像,False,False,False,False,False,False,False,False,report anywhere,1564294339
U07,少爺,重建街,False,False,False,False,False,False,False,False,report anywhere,1564294734
U07,少爺,小房子裝可愛手作村,False,False,False,False,False,False,False,False,report anywhere,1564295230
U07,少爺,滬尾偕醫館,False,False,False,False,False,False,False,False,report anywhere,1564295681
U07,少爺,淡水禮拜堂,False,False,False,False,False,False,False,False,report anywhere,1564296075
U07,少爺,藝術穿堂,False,False,False,False,False,False,False,False,report anywhere,1564296195
U07,少爺,淡水渡船頭,False,False,False,False,False,False,False,False,report anywhere,1564299387
U07,少爺,淡水老街阿給,False,False,False,False,False,False,False,False,report anywhere,1564300007
U07,少爺,金色水岸,False,False,False,False,False,False,False,False,report anywhere,1564300488
U07,少爺,幸海宮,False,False,False,False,False,False,False,False,report anywhere,1564302807
U07,少爺,和衷宮,False,False,False,False,False,False,False,False,report anywhere,1564303030
U07,少爺,蒸汽火車BK20,True,False,False,False,False,False,False,False,report togo,1564290810
U07,少爺,蒸汽火車BK20,True,False,False,False,False,False,False,False,report togo,1564290895
U07,少爺,龍山寺,True,False,False,False,False,False,False,False,report togo,1564291624
U07,少爺,清水巖,True,False,False,False,False,False,False,False,report togo,1564292531
U07,少爺,重建街戀愛巷,True,False,False,False,False,False,False,False,report togo,1564292817
U07,少爺,3D意象彩繪階梯,True,False,False,False,False,False,False,False,report togo,1564292821
U07,少爺,阿婆鐵蛋,True,False,False,False,False,False,False,False,report togo,1564293611
U07,少爺,淡水老街,True,False,False,False,False,False,False,False,report togo,1564293813
U07,少爺,木下靜涯紀念公園,True,False,False,False,False,False,False,False,report togo,1564294883
U07,少爺,白樓故事牆,True,False,False,False,False,False,False,False,report togo,1564294971
U22,Jamie,龍山寺,True,False,False,False,False,False,False,False,report togo,1564291705
U22,Jamie,淡水老街,True,False,False,False,False,False,False,False,report togo,1564291919
U22,Jamie,木下靜涯紀念公園,True,False,False,False,False,False,False,False,report togo,1564296083
U22,Jamie,滬尾偕醫館,True,False,False,False,False,False,False,False,report togo,1564296398
U22,Jamie,得忌利士洋行,True,False,False,False,False,False,False,False,report togo,1564297268
U22,Jamie,多田榮吉故居,True,False,False,False,False,False,False,False,report togo,1564297789
U22,Jamie,淡水禮拜堂,True,False,False,False,False,False,False,False,report togo,1564298139
U22,Jamie,清水巖,True,False,False,False,False,False,False,False,report togo,1564299375
U17,Lily,金色水岸,False,False,False,False,False,False,False,False,report anywhere,1564290519
U17,Lily,阿嬤芋圓,False,False,False,False,False,False,False,False,report anywhere,1564291289
U17,Lily,福佑宮,False,False,False,False,False,False,False,False,report anywhere,1564295357
U17,Lily,馬偕銅像,False,False,False,False,False,False,False,False,report anywhere,1564296012
U17,Lily,淡水禮拜堂,False,False,False,False,False,False,False,False,report anywhere,1564296361
U17,Lily,淡水渡船頭,False,False,False,False,False,False,False,False,report anywhere,1564298560
U17,Lily,淡水中正美食廣場,False,False,False,False,False,False,False,False,report anywhere,1564298802
U17,Lily,淡水老街,True,False,False,False,False,False,False,False,report togo,1564293495
U49,鹽巴,信不信由你搜奇博物館,False,False,False,False,False,False,False,False,report anywhere,1564290836
U49,鹽巴,真理大學,False,False,False,False,False,False,False,False,report anywhere,1564295071
U49,鹽巴,金色水岸,True,False,False,False,False,False,False,False,report togo,1564291170
U49,鹽巴,小白宮,True,False,False,False,False,False,False,False,report togo,1564293006
U49,鹽巴,紅毛城,True,False,False,False,False,False,False,False,report togo,1564295948
U49,鹽巴,英國領事館,True,False,False,False,False,False,False,False,report togo,1564296847
U60,U60,淡水捷運站,False,False,False,False,False,False,False,False,report anywhere,1564291521
U60,U60,黑店排骨飯,False,False,False,False,False,False,False,False,report anywhere,1564291712
U60,U60,福佑宮,False,False,False,False,False,False,False,False,report anywhere,1564292409
U60,U60,阿婆鐵蛋,False,False,False,False,False,False,False,False,report anywhere,1564292608
U60,U60,古早味蛋糕,False,False,False,False,False,False,False,False,report anywhere,1564292804
U60,U60,百葉溫州大餛飩,False,False,False,False,False,False,False,False,report anywhere,1564293176
U60,U60,和果子,False,False,False,False,False,False,False,False,report anywhere,1564294322
U60,U60,多田榮吉故居,False,False,False,False,False,False,False,False,report anywhere,1564295257
U60,U60,小白宮,False,False,False,False,False,False,False,False,report anywhere,1564295878
U60,U60,淡水文化園區-殼牌倉庫,True,False,False,False,False,False,False,False,report togo,1564292004
U60,U60,清水巖,True,False,False,False,False,False,False,False,report togo,1564292025
U60,U60,淡水老街,True,False,False,False,False,False,False,False,report togo,1564294293
U60,U60,淡水禮拜堂,True,False,False,False,False,False,False,False,report togo,1564294489
U60,U60,得忌利士洋行,True,False,False,False,False,False,False,False,report togo,1564294696
U60,U60,淡水榕樹道,True,False,False,False,False,False,False,False,report togo,1564294700
U60,U60,教士會館,True,False,False,False,False,False,False,False,report togo,1564295867
U60,U60,馬偕故居(馬偕紀念館),True,False,False,False,False,False,False,False,report togo,1564295869
U60,U60,海關碼頭,True,False,False,False,False,False,False,False,report togo,1564296277
U60,U60,紅毛城,True,False,False,False,False,False,False,False,report togo,1564296280
U60,U60,英國領事館,True,False,False,False,False,False,False,False,report togo,1564296282
U60,U60,真理大學禮拜堂,True,False,False,False,False,False,False,False,report togo,1564296285
U14,aoi,淡水文化園區-殼牌倉庫,False,False,False,False,False,False,False,False,report anywhere,1564290034
U14,aoi,淡水渡船頭,False,False,False,False,False,False,False,False,report anywhere,1564290888
U14,aoi,淡水渡船頭阿給,False,False,False,False,False,False,False,False,report anywhere,1564291201
U14,aoi,藝術工坊,False,False,False,False,False,False,False,False,report anywhere,1564294250
U14,aoi,陳澄波戶外美術館,False,False,False,False,False,False,False,False,report anywhere,1564294931
U14,aoi,可口魚丸,False,False,False,False,False,False,False,False,report anywhere,1564295047
U14,aoi,鹿港老街1號店,False,False,False,False,False,False,False,False,report anywhere,1564296144
U14,aoi,海風餐廳,False,False,False,False,False,False,False,False,report anywhere,1564296282
U14,aoi,信不信由你搜奇博物館,False,False,False,False,False,False,False,False,report anywhere,1564296481
U14,aoi,金色水岸,True,False,False,False,False,False,False,False,report togo,1564290117
U14,aoi,金色水岸,True,False,False,False,False,False,False,False,report togo,1564290470
U14,aoi,淡水捷運站,True,False,False,False,False,False,False,False,report togo,1564290546
U14,aoi,阿媽的酸梅湯,True,False,False,False,False,False,False,False,report togo,1564290789
U14,aoi,淡水老街,True,False,False,False,False,False,False,False,report togo,1564294758
U14,aoi,源味本舖現烤蛋糕,True,False,False,False,False,False,False,False,report togo,1564295152
U14,aoi,阿婆鐵蛋,True,False,False,False,False,False,False,False,report togo,1564295174
U14,aoi,合益魚酥,True,False,False,False,False,False,False,False,report togo,1564295543
U80,安平哥哥,穀牌倉庫,False,False,False,False,False,False,False,False,report anywhere,1564289790
U80,安平哥哥,肖像畫區,False,False,False,False,False,False,False,False,report anywhere,1564290483
U80,安平哥哥,餐酒館,False,False,False,False,False,False,False,False,report anywhere,1564291014
U80,安平哥哥,天水相依,False,False,False,False,False,False,False,False,report anywhere,1564291149
U80,安平哥哥,阿給老店,False,False,False,False,False,False,False,False,report anywhere,1564291589
U80,安平哥哥,古早味現烤蛋糕,False,False,False,False,False,False,False,False,report anywhere,1564292794
U80,安平哥哥,holiday,False,False,False,False,False,False,False,False,report anywhere,1564293322
U80,安平哥哥,小房子裝可愛手作村,False,False,False,False,False,False,False,False,report anywhere,1564293849
U80,安平哥哥,滬尾偕醫館,False,False,False,False,False,False,False,False,report anywhere,1564295001
U80,安平哥哥,郵局,False,False,False,False,False,False,False,False,report anywhere,1564295486
U80,安平哥哥,防災宣導主題館,False,False,False,False,False,False,False,False,report anywhere,1564295664
U80,安平哥哥,旅客服務中心,False,False,False,False,False,False,False,False,report anywhere,1564295757
U80,安平哥哥,朝日夫婦,False,False,False,False,False,False,False,False,report anywhere,1564296707
U80,安平哥哥,樂口福,False,False,False,False,False,False,False,False,report anywhere,1564296893
U80,安平哥哥,紅毛城,False,False,False,False,False,False,False,False,report anywhere,1564297057
U80,安平哥哥,小白宮,False,False,False,False,False,False,False,False,report anywhere,1564299271
U80,安平哥哥,布朗森林,False,False,False,False,False,False,False,False,report anywhere,1564299515
U80,安平哥哥,源味本舖現烤蛋糕,True,False,False,False,False,False,False,False,report togo,1564293252
U80,安平哥哥,百葉溫州大餛飩,True,False,False,False,False,False,False,False,report togo,1564293738
U80,安平哥哥,藝術穿堂,True,False,False,False,False,False,False,False,report togo,1564295736
U80,安平哥哥,桂橡花園,True,False,False,False,False,False,False,False,report togo,1564296356
U58,幼稚鬼,滬尾之役體驗館,False,False,False,False,False,False,False,False,report anywhere,1564292609
U58,幼稚鬼,海關碼頭,False,False,False,False,False,False,False,False,report anywhere,1564293268
U58,幼稚鬼,紅毛城,False,False,False,False,False,False,False,False,report anywhere,1564293769
U58,幼稚鬼,英國領事館,False,False,False,False,False,False,False,False,report anywhere,1564294719
U58,幼稚鬼,多田榮吉故居,False,False,False,False,False,False,False,False,report anywhere,1564295712
U58,幼稚鬼,淡水魚丸,False,False,False,False,False,False,False,False,report anywhere,1564296967
U58,幼稚鬼,龍山寺,False,False,False,False,False,False,False,False,report anywhere,1564299501
U58,幼稚鬼,滬尾街商號,False,False,False,False,False,False,False,False,report anywhere,1564300592
U58,幼稚鬼,小白宮,True,False,False,False,False,False,False,False,report togo,1564295378
U58,幼稚鬼,阿媽的酸梅湯,True,False,False,False,False,False,False,False,report togo,1564296831
U58,幼稚鬼,淡水老街,True,False,False,False,False,False,False,False,report togo,1564297074
U58,幼稚鬼,藝術工坊,True,False,False,False,False,False,False,False,report togo,1564297775
U58,幼稚鬼,許義魚酥,True,False,False,False,False,False,False,False,report togo,1564299012
U58,幼稚鬼,蒸汽火車BK20,True,False,False,False,False,False,False,False,report togo,1564300621
U58,幼稚鬼,淡水文化園區-殼牌倉庫,True,False,False,False,False,False,False,False,report togo,1564300989
U39,kk,理學堂大書院,False,False,False,False,False,False,False,False,report anywhere,1564293246
U39,kk,小白宮,False,False,False,False,False,False,False,False,report anywhere,1564293774
U39,kk,海關碼頭,False,False,False,False,False,False,False,False,report anywhere,1564295158
U39,kk,淡水禮拜堂,False,False,False,False,False,False,False,False,report anywhere,1564296220
U39,kk,滬尾偕醫館,False,False,False,False,False,False,False,False,report anywhere,1564296289
U39,kk,馬偕銅像,False,False,False,False,False,False,False,False,report anywhere,1564296987
U39,kk,淡水渡船頭,False,False,False,False,False,False,False,False,report anywhere,1564297070
U39,kk,老牌阿給,False,False,False,False,False,False,False,False,report anywhere,1564297471
U39,kk,土耳其冰淇淋,False,False,False,False,False,False,False,False,report anywhere,1564298355
U39,kk,信不信由你搜奇博物館,False,False,False,False,False,False,False,False,report anywhere,1564299322
U39,kk,紅毛城,True,False,False,False,False,False,False,False,report togo,1564291294
U39,kk,英國領事館,True,False,False,False,False,False,False,False,report togo,1564291711
U39,kk,真理大學禮拜堂,True,False,False,False,False,False,False,False,report togo,1564292676
U39,kk,真理大學,True,False,False,False,False,False,False,False,report togo,1564293262
U39,kk,藝術穿堂,True,False,False,False,False,False,False,False,report togo,1564296119
U39,kk,淡水老街,True,False,False,False,False,False,False,False,report togo,1564297079
U39,kk,許義魚酥,True,False,False,False,False,False,False,False,report togo,1564298578
U39,kk,淡水捷運站,True,False,False,False,False,False,False,False,report togo,1564299796
U19,Kiara,馬偕雕像,False,False,False,False,False,False,False,False,report anywhere,1564292534
U19,Kiara,文化阿給,False,False,False,False,False,False,False,False,report anywhere,1564293705
U19,Kiara,教士會館,False,False,False,False,False,False,False,False,report anywhere,1564296309
U19,Kiara,理學堂大書院,False,False,False,False,False,False,False,False,report anywhere,1564296941
U19,Kiara,紅毛城,False,False,False,False,False,False,False,False,report anywhere,1564298004
U19,Kiara,福佑宮,False,False,False,False,False,False,False,False,report anywhere,1564300164
U19,Kiara,巧味花生軟糖,False,False,False,False,False,False,False,False,report anywhere,1564301018
U19,Kiara,淡水捷運站,True,False,False,False,False,False,False,False,report togo,1564290783
U19,Kiara,淡水老街,True,False,False,False,False,False,False,False,report togo,1564291160
U19,Kiara,金色水岸,True,False,False,False,False,False,False,False,report togo,1564291201
U19,Kiara,許義魚酥,True,False,False,False,False,False,False,False,report togo,1564291728
U19,Kiara,阿婆鐵蛋,True,False,False,False,False,False,False,False,report togo,1564291924
U19,Kiara,可口魚丸,True,False,False,False,False,False,False,False,report togo,1564292223
U19,Kiara,滬尾偕醫館,True,False,False,False,False,False,False,False,report togo,1564292594
U19,Kiara,多田榮吉故居,True,False,False,False,False,False,False,False,report togo,1564293085
U19,Kiara,老牌阿給,True,False,False,False,False,False,False,False,report togo,1564293641
U19,Kiara,小白宮,True,False,False,False,False,False,False,False,report togo,1564295831
U19,Kiara,真理大學,True,False,False,False,False,False,False,False,report togo,1564296719
U19,Kiara,真理大學禮拜堂,True,False,False,False,False,False,False,False,report togo,1564296955
U19,Kiara,海關碼頭,True,False,False,False,False,False,False,False,report togo,1564298998
U20,U20,淡水文化園區-殼牌倉庫,True,False,False,False,False,False,False,False,report togo,1564289363
U20,U20,淡水捷運站,True,False,False,False,False,False,False,False,report togo,1564290668
U20,U20,紅毛城,True,False,False,False,False,False,False,False,report togo,1564294539
U20,U20,理學堂大書院,True,False,False,False,False,False,False,False,report togo,1564296337
U20,U20,真理大學禮拜堂,True,False,False,False,False,False,False,False,report togo,1564296369
U20,U20,牧師樓,True,False,False,False,False,False,False,False,report togo,1564297910
U20,U20,姑娘樓,True,False,False,False,False,False,False,False,report togo,1564298741
U20,U20,小白宮,True,False,False,False,False,False,False,False,report togo,1564298754
U20,U20,馬偕故居(馬偕紀念館),True,False,False,False,False,False,False,False,report togo,1564298827
U20,U20,教士會館,True,False,False,False,False,False,False,False,report togo,1564299292
U20,U20,多田榮吉故居,True,False,False,False,False,False,False,False,report togo,1564301166
U42,鼻煙狐,滬尾偕醫館,False,False,False,False,False,False,False,False,report anywhere,1564291779
U42,鼻煙狐,淡水禮拜堂,False,False,False,False,False,False,False,False,report anywhere,1564292153
U42,鼻煙狐,齊柏林空間,False,False,False,False,False,False,False,False,report anywhere,1564292330
U42,鼻煙狐,得忌利士洋行,False,False,False,False,False,False,False,False,report anywhere,1564292597
U42,鼻煙狐,紅毛城,False,False,False,False,False,False,False,False,report anywhere,1564295777
U42,鼻煙狐,真理大學,False,False,False,False,False,False,False,False,report anywhere,1564295969
U42,鼻煙狐,海關碼頭,False,False,False,False,False,False,False,False,report anywhere,1564297684
U42,鼻煙狐,小白宮,False,False,False,False,False,False,False,False,report anywhere,1564297701
U42,鼻煙狐,福佑宮,False,False,False,False,False,False,False,False,report anywhere,1564300183
U42,鼻煙狐,失戀故事館,False,False,False,False,False,False,False,False,report anywhere,1564300852
U42,鼻煙狐,淡水捷運站,True,False,False,False,False,False,False,False,report togo,1564290097
U42,鼻煙狐,淡水渡船頭,True,False,False,False,False,False,False,False,report togo,1564291111
U42,鼻煙狐,馬偕銅像,True,False,False,False,False,False,False,False,report togo,1564291382
U42,鼻煙狐,馬偕上岸處,True,False,False,False,False,False,False,False,report togo,1564295223
U42,鼻煙狐,源味本舖現烤蛋糕,True,False,False,False,False,False,False,False,report togo,1564299870
U24,耳耳,淡水中正觀光市場,False,False,False,False,False,False,False,False,report anywhere,1564291370
U24,耳耳,紅樓入口,False,False,False,False,False,False,False,False,report anywhere,1564291469
U24,耳耳,木下靜涯紀念公園,False,False,False,False,False,False,False,False,report anywhere,1564291613
U24,耳耳,陳澄波戶外美術館,False,False,False,False,False,False,False,False,report anywhere,1564292124
U24,耳耳,滬尾防災宣傳主體館,False,False,False,False,False,False,False,False,report anywhere,1564292301
U24,耳耳,淡水榕樹道,False,False,False,False,False,False,False,False,report anywhere,1564292516
U24,耳耳,教士會館,False,False,False,False,False,False,False,False,report anywhere,1564293526
U24,耳耳,淡水街長多田榮吉故居,False,False,False,False,False,False,False,False,report anywhere,1564294121
U24,耳耳,金色水岸,True,False,False,False,False,False,False,False,report togo,1564290100
U24,耳耳,三協成博物館,True,False,False,False,False,False,False,False,report togo,1564290862
U24,耳耳,3D意象彩繪階梯,True,False,False,False,False,False,False,False,report togo,1564291210
U24,耳耳,可口魚丸,True,False,False,False,False,False,False,False,report togo,1564291515
U24,耳耳,白樓故事牆,True,False,False,False,False,False,False,False,report togo,1564291756
U24,耳耳,滬尾偕醫館,True,False,False,False,False,False,False,False,report togo,1564291981
U24,耳耳,真理大學禮拜堂,True,False,False,False,False,False,False,False,report togo,1564293111
U24,耳耳,真理大學,True,False,False,False,False,False,False,False,report togo,1564293186
U24,耳耳,小白宮,True,False,False,False,False,False,False,False,report togo,1564293898
U24,耳耳,文化阿給,True,False,False,False,False,False,False,False,report togo,1564295189
U24,耳耳,多田榮吉故居,True,False,False,False,False,False,False,False,report togo,1564298138
U47,koko,淡水文化園區-殼牌倉庫,False,False,False,False,False,False,False,False,report anywhere,1564290963
U47,koko,京華牛肉麵館,False,False,False,False,False,False,False,False,report anywhere,1564292184
U47,koko,義巧冰城,False,False,False,False,False,False,False,False,report anywhere,1564292506
U47,koko,水店行,False,False,False,False,False,False,False,False,report anywhere,1564294386
U47,koko,福佑宮,False,False,False,False,False,False,False,False,report anywhere,1564295251
U47,koko,阿婆鐵蛋,False,False,False,False,False,False,False,False,report anywhere,1564295371
U47,koko,天仁茗茶,False,False,False,False,False,False,False,False,report anywhere,1564295470
U47,koko,木下靜涯紀念公園,False,False,False,False,False,False,False,False,report anywhere,1564295631
U47,koko,紅樓中餐廳,False,False,False,False,False,False,False,False,report anywhere,1564295826
U47,koko,廁所,False,False,False,False,False,False,False,False,report anywhere,1564296279
U47,koko,滬尾偕醫館,False,False,False,False,False,False,False,False,report anywhere,1564296543
U47,koko,滬尾偕醫館,False,False,False,False,False,False,False,False,report anywhere,1564296725
U47,koko,淡水禮拜堂,False,False,False,False,False,False,False,False,report anywhere,1564296904
U47,koko,新北市立圖書館淡水分館,False,False,False,False,False,False,False,False,report anywhere,1564298158
U47,koko,齊柏林飛坪,False,False,False,False,False,False,False,False,report anywhere,1564298847
U47,koko,齊柏林飛坪,False,False,False,False,False,False,False,False,report anywhere,1564298982
U47,koko,淡水藝術工坊,False,False,False,False,False,False,False,False,report anywhere,1564299206
U47,koko,雪文洋行,False,False,False,False,False,False,False,False,report anywhere,1564299501
U47,koko,古早味現烤蛋糕,False,False,False,False,False,False,False,False,report anywhere,1564299639
U47,koko,信不信由你搜奇博物館,False,False,False,False,False,False,False,False,report anywhere,1564300451
U47,koko,鄞山寺,True,False,False,False,False,False,False,False,report togo,1564291687
U47,koko,鄞山寺,True,False,False,False,False,False,False,False,report togo,1564291712
U47,koko,清水巖,True,False,False,False,False,False,False,False,report togo,1564294882
U47,koko,重建街戀愛巷,True,False,False,False,False,False,False,False,report togo,1564295113
U47,koko,3D意象彩繪階梯,True,False,False,False,False,False,False,False,report togo,1564295193
U47,koko,阿媽的酸梅湯,True,False,False,False,False,False,False,False,report togo,1564295331
U47,koko,白樓故事牆,True,False,False,False,False,False,False,False,report togo,1564296084
U47,koko,馬偕租屋處,True,False,False,False,False,False,False,False,report togo,1564297928
U47,koko,之間茶食器,True,False,False,False,False,False,False,False,report togo,1564299091
U47,koko,龍山寺,True,False,False,False,False,False,False,False,report togo,1564300135
U47,koko,龍山寺,True,False,False,False,False,False,False,False,report togo,1564300153
U55,cooljaby,淡水捷運站,True,False,False,False,False,False,False,False,report togo,1564290365
U55,cooljaby,淡水捷運站,True,False,False,False,False,False,False,False,report togo,1564290403
U55,cooljaby,淡水老街,True,False,False,False,False,False,False,False,report togo,1564295286
U55,cooljaby,英專夜市,True,False,False,False,False,False,False,False,report togo,1564295308
U55,cooljaby,信不信由你搜奇博物館,True,False,False,False,False,False,False,False,report togo,1564295315
U55,cooljaby,合益魚酥,True,False,False,False,False,False,False,False,report togo,1564295334
U55,cooljaby,許義魚酥,True,False,False,False,False,False,False,False,report togo,1564295339
U55,cooljaby,三協成博物館,True,False,False,False,False,False,False,False,report togo,1564295345
U55,cooljaby,阿媽的酸梅湯,True,False,False,False,False,False,False,False,report togo,1564296455
U55,cooljaby,可口魚丸,True,False,False,False,False,False,False,False,report togo,1564296459
U55,cooljaby,得忌利士洋行,True,False,False,False,False,False,False,False,report togo,1564296517
U55,cooljaby,清水巖,True,False,False,False,False,False,False,False,report togo,1564298787
U55,cooljaby,金色水岸自行車道,True,False,False,False,False,False,False,False,report togo,1564299051
U55,cooljaby,淡水渡船頭,True,False,False,False,False,False,False,False,report togo,1564300581
U55,cooljaby,百葉溫州大餛飩,True,False,False,False,False,False,False,False,report togo,1564300587
U55,cooljaby,馬偕銅像,True,False,False,False,False,False,False,False,report togo,1564300591
U55,cooljaby,淡水榕樹道,True,False,False,False,False,False,False,False,report togo,1564300630
U75,allegro540,真理大學,False,False,False,False,False,False,False,False,report anywhere,1564293621
U75,allegro540,真理大學禮拜堂,False,False,False,False,False,False,False,False,report anywhere,1564293894
U75,allegro540,海關碼頭,False,False,False,False,False,False,False,False,report anywhere,1564294459
U75,allegro540,海關碼頭,False,False,False,False,False,False,False,False,report anywhere,1564294499
U75,allegro540,淡水禮拜堂,False,False,False,False,False,False,False,False,report anywhere,1564295156
U75,allegro540,滬尾偕醫館,False,False,False,False,False,False,False,False,report anywhere,1564295252
U75,allegro540,馬偕銅像,False,False,False,False,False,False,False,False,report anywhere,1564295518
U75,allegro540,淡水老街,False,False,False,False,False,False,False,False,report anywhere,1564295720
U75,allegro540,阿媽的酸梅湯,False,False,False,False,False,False,False,False,report anywhere,1564295842
U75,allegro540,淡水渡船頭,False,False,False,False,False,False,False,False,report anywhere,1564295919
U75,allegro540,阿婆鐵蛋,False,False,False,False,False,False,False,False,report anywhere,1564296078
U75,allegro540,福佑宮,False,False,False,False,False,False,False,False,report anywhere,1564296191
U75,allegro540,金色水岸,False,False,False,False,False,False,False,False,report anywhere,1564296661
U75,allegro540,龍山寺,False,False,False,False,False,False,False,False,report anywhere,1564297086
U75,allegro540,信不信由你搜奇博物館,False,False,False,False,False,False,False,False,report anywhere,1564297811
U75,allegro540,淡水捷運站,False,False,False,False,False,False,False,False,report anywhere,1564298152
U75,allegro540,淡水文化園區-殼牌倉庫,False,False,False,False,False,False,False,False,report anywhere,1564300030
U75,allegro540,紅毛城,True,False,False,False,False,False,False,False,report togo,1564291116
U75,allegro540,牧師樓,True,False,False,False,False,False,False,False,report togo,1564291945
U75,allegro540,小白宮,True,False,False,False,False,False,False,False,report togo,1564293200
U75,allegro540,馬偕故居(馬偕紀念館),True,False,False,False,False,False,False,False,report togo,1564293218
U75,allegro540,姑娘樓,True,False,False,False,False,False,False,False,report togo,1564293271
U37,U37U37U37,福佑宮,False,False,False,False,False,False,False,False,report anywhere,1564290867
U37,U37U37U37,福佑宮,False,False,False,False,False,False,False,False,report anywhere,1564290939
U37,U37U37U37,淡水文化園區-殼牌倉庫,True,False,False,False,False,False,False,False,report togo,1564289115
U37,U37U37U37,淡水文化園區-殼牌倉庫,True,False,False,False,False,False,False,False,report togo,1564289133
U37,U37U37U37,淡水捷運站,True,False,False,False,False,False,False,False,report togo,1564290197
U37,U37U37U37,合益魚酥,True,False,False,False,False,False,False,False,report togo,1564291091
U37,U37U37U37,阿媽的酸梅湯,True,False,False,False,False,False,False,False,report togo,1564291216
U37,U37U37U37,淡水渡船頭,True,False,False,False,False,False,False,False,report togo,1564291288
U37,U37U37U37,淡水老街,True,False,False,False,False,False,False,False,report togo,1564291316
U37,U37U37U37,馬偕上岸處,True,False,False,False,False,False,False,False,report togo,1564291640
U37,U37U37U37,淡水榕樹道,True,False,False,False,False,False,False,False,report togo,1564291668
U37,U37U37U37,許義魚酥,True,False,False,False,False,False,False,False,report togo,1564291715
U37,U37U37U37,多田榮吉故居,True,False,False,False,False,False,False,False,report togo,1564292819
U37,U37U37U37,老牌阿給,True,False,False,False,False,False,False,False,report togo,1564293235
U37,U37U37U37,真理大學禮拜堂,True,False,False,False,False,False,False,False,report togo,1564293263
U37,U37U37U37,真理大學,True,False,False,False,False,False,False,False,report togo,1564293274
U37,U37U37U37,文化阿給,True,False,False,False,False,False,False,False,report togo,1564293317
U38,氣質,殼牌文創會館,False,False,False,False,False,False,False,False,report anywhere,1564290021
U38,氣質,栗米燒,False,False,False,False,False,False,False,False,report anywhere,1564290312
U38,氣質,萊爾富,False,False,False,False,False,False,False,False,report anywhere,1564290591
U38,氣質,老蔡水煎包,False,False,False,False,False,False,False,False,report anywhere,1564290766
U38,氣質,廣場,False,False,False,False,False,False,False,False,report anywhere,1564290955
U38,氣質,柑仔店大王,False,False,False,False,False,False,False,False,report anywhere,1564291375
U38,氣質,失戀故事館,False,False,False,False,False,False,False,False,report anywhere,1564291721
U38,氣質,失戀故事館,False,False,False,False,False,False,False,False,report anywhere,1564291747
U38,氣質,格子趣,False,False,False,False,False,False,False,False,report anywhere,1564291776
U38,氣質,好好,False,False,False,False,False,False,False,False,report anywhere,1564292069
U38,氣質,7-11,False,False,False,False,False,False,False,False,report anywhere,1564293088
U38,氣質,捷運站的廁所,False,False,False,False,False,False,False,False,report anywhere,1564294692
U38,氣質,OK便利商店,False,False,False,False,False,False,False,False,report anywhere,1564297455
U38,氣質,library 淡水分館,False,False,False,False,False,False,False,False,report anywhere,1564297781
U38,氣質,丹頂豆,False,False,False,False,False,False,False,False,report anywhere,1564298360
U38,氣質,文化阿給,False,False,False,False,False,False,False,False,report anywhere,1564298516
U38,氣質,格子趣,False,False,False,False,False,False,False,False,report anywhere,1564300155
U38,氣質,多田榮吉故居,True,False,False,False,False,False,False,False,report togo,1564299414
U38,氣質,多田榮吉故居,True,False,False,False,False,False,False,False,report togo,1564299424
U26,獅子,金色水岸,False,False,False,False,False,False,False,False,report anywhere,1564291634
U26,獅子,金色水岸,False,False,False,False,False,False,False,False,report anywhere,1564291899
U26,獅子,龍山寺,False,False,False,False,False,False,False,False,report anywhere,1564293289
U26,獅子,麥格子,False,False,False,False,False,False,False,False,report anywhere,1564298721
U26,獅子,美食廣場,False,False,False,False,False,False,False,False,report anywhere,1564298879
U26,獅子,三協成餅舖,False,False,False,False,False,False,False,False,report anywhere,1564299123
U26,獅子,新建成餅店,False,False,False,False,False,False,False,False,report anywhere,1564299421
U26,獅子,信不信由你搜奇博物館,False,False,False,False,False,False,False,False,report anywhere,1564299546
U26,獅子,金色水岸自行車道,False,False,False,False,False,False,False,False,report anywhere,1564300292
U26,獅子,淡水文化園區-殼牌倉庫,True,False,False,False,False,False,False,False,report togo,1564290048
U26,獅子,淡水捷運站,True,False,False,False,False,False,False,False,report togo,1564291334
U26,獅子,淡水老街,True,False,False,False,False,False,False,False,report togo,1564294157
U26,獅子,三協成博物館,True,False,False,False,False,False,False,False,report togo,1564294671
U26,獅子,許義魚酥,True,False,False,False,False,False,False,False,report togo,1564295006
U26,獅子,阿婆鐵蛋,True,False,False,False,False,False,False,False,report togo,1564295913
U26,獅子,淡水渡船頭,True,False,False,False,False,False,False,False,report togo,1564296069
U26,獅子,阿媽的酸梅湯,True,False,False,False,False,False,False,False,report togo,1564296312
U26,獅子,源味本舖現烤蛋糕,True,False,False,False,False,False,False,False,report togo,1564296386
U26,獅子,木下靜涯紀念公園,True,False,False,False,False,False,False,False,report togo,1564296869
U26,獅子,得忌利士洋行,True,False,False,False,False,False,False,False,report togo,1564297663
U26,獅子,淡水榕樹道,True,False,False,False,False,False,False,False,report togo,1564298000
U70,李昱蓉,福德宮,False,False,False,False,False,False,False,False,report anywhere,1564291847
U70,李昱蓉,滬尾之役體驗館,False,False,False,False,False,False,False,False,report anywhere,1564297222
U70,李昱蓉,洋樓,False,False,False,False,False,False,False,False,report anywhere,1564297712
U70,李昱蓉,清水巖,True,False,False,False,False,False,False,False,report togo,1564291908
U70,李昱蓉,淡水老街,True,False,False,False,False,False,False,False,report togo,1564292349
U70,李昱蓉,三協成博物館,True,False,False,False,False,False,False,False,report togo,1564292423
U70,李昱蓉,合益魚酥,True,False,False,False,False,False,False,False,report togo,1564292507
U70,李昱蓉,許義魚酥,True,False,False,False,False,False,False,False,report togo,1564292518
U70,李昱蓉,福佑宮,True,False,False,False,False,False,False,False,report togo,1564292525
U70,李昱蓉,源味本舖現烤蛋糕,True,False,False,False,False,False,False,False,report togo,1564292554
U70,李昱蓉,阿婆鐵蛋,True,False,False,False,False,False,False,False,report togo,1564292659
U70,李昱蓉,阿媽的酸梅湯,True,False,False,False,False,False,False,False,report togo,1564292680
U70,李昱蓉,可口魚丸,True,False,False,False,False,False,False,False,report togo,1564292706
U70,李昱蓉,淡水老街,True,False,False,False,False,False,False,False,report togo,1564292716
U70,李昱蓉,百葉溫州大餛飩,True,False,False,False,False,False,False,False,report togo,1564292728
U70,李昱蓉,木下靜涯紀念公園,True,False,False,False,False,False,False,False,report togo,1564292866
U70,李昱蓉,紅樓中餐廳,True,False,False,False,False,False,False,False,report togo,1564292876
U70,李昱蓉,老牌阿給,True,False,False,False,False,False,False,False,report togo,1564294264
U70,李昱蓉,文化阿給,True,False,False,False,False,False,False,False,report togo,1564294304
U70,李昱蓉,真理大學,True,False,False,False,False,False,False,False,report togo,1564295341
U70,李昱蓉,牧師樓,True,False,False,False,False,False,False,False,report togo,1564295749
U70,李昱蓉,小白宮,True,False,False,False,False,False,False,False,report togo,1564296302
U70,李昱蓉,姑娘樓,True,False,False,False,False,False,False,False,report togo,1564296317
U70,李昱蓉,教士會館,True,False,False,False,False,False,False,False,report togo,1564296320
U70,李昱蓉,馬偕故居(馬偕紀念館),True,False,False,False,False,False,False,False,report togo,1564296323
U70,李昱蓉,真理大學禮拜堂,True,False,False,False,False,False,False,False,report togo,1564296343
U70,李昱蓉,理學堂大書院,True,False,False,False,False,False,False,False,report togo,1564296348
U70,李昱蓉,多田榮吉故居,True,False,False,False,False,False,False,False,report togo,1564296361
U70,李昱蓉,英國領事館,True,False,False,False,False,False,False,False,report togo,1564296791
U70,李昱蓉,紅毛城,True,False,False,False,False,False,False,False,report togo,1564296794
U70,李昱蓉,海關碼頭,True,False,False,False,False,False,False,False,report togo,1564297642
U70,李昱蓉,得忌利士洋行,True,False,False,False,False,False,False,False,report togo,1564298611
U70,李昱蓉,漁業生活文化影像館,True,False,False,False,False,False,False,False,report togo,1564298675
U70,李昱蓉,之間茶食器,True,False,False,False,False,False,False,False,report togo,1564298684
U70,李昱蓉,長堤咖啡餐館,True,False,False,False,False,False,False,False,report togo,1564298692
U70,李昱蓉,桂橡花園,True,False,False,False,False,False,False,False,report togo,1564298697
U70,李昱蓉,淡水榕樹道,True,False,False,False,False,False,False,False,report togo,1564298728
U70,李昱蓉,蒸汽火車BK20,True,False,False,False,False,False,False,False,report togo,1564300361
U70,李昱蓉,淡水文化園區-殼牌倉庫,True,False,False,False,False,False,False,False,report togo,1564300799
U35,陳郁雯,大都會廣場,False,False,False,False,False,False,False,False,report anywhere,1564292441
U35,陳郁雯,淡水龍山寺,False,False,False,False,False,False,False,False,report anywhere,1564293360
U35,陳郁雯,阿皂屋,False,False,False,False,False,False,False,False,report anywhere,1564294227
U35,陳郁雯,土耳其冰淇淋,False,False,False,False,False,False,False,False,report anywhere,1564296401
U35,陳郁雯,木下靜涯紀念公園,False,False,False,False,False,False,False,False,report anywhere,1564296828
U35,陳郁雯,得忌利士洋行,False,False,False,False,False,False,False,False,report anywhere,1564297629
U35,陳郁雯,金色水岸,False,False,False,False,False,False,False,False,report anywhere,1564298050
U35,陳郁雯,三協成博物館,True,False,False,False,False,False,False,False,report togo,1564295319
U35,陳郁雯,福佑宮,True,False,False,False,False,False,False,False,report togo,1564295544
U35,陳郁雯,淡水捷運站,True,False,False,False,False,False,False,False,report togo,1564295854
U35,陳郁雯,阿媽的酸梅湯,True,False,False,False,False,False,False,False,report togo,1564295964
U35,陳郁雯,淡水渡船頭,True,False,False,False,False,False,False,False,report togo,1564296115
U35,陳郁雯,許義魚酥,True,False,False,False,False,False,False,False,report togo,1564296444
U35,陳郁雯,海關碼頭,True,False,False,False,False,False,False,False,report togo,1564296623
U35,陳郁雯,紅樓中餐廳,True,False,False,False,False,False,False,False,report togo,1564297057
U35,陳郁雯,淡水老街,True,False,False,False,False,False,False,False,report togo,1564297136
U35,陳郁雯,紅毛城,True,False,False,False,False,False,False,False,report togo,1564298085
U35,陳郁雯,淡水榕樹道,True,False,False,False,False,False,False,False,report togo,1564298152
U35,陳郁雯,真理大學禮拜堂,True,False,False,False,False,False,False,False,report togo,1564298685
U35,陳郁雯,真理大學,True,False,False,False,False,False,False,False,report togo,1564298811
U35,陳郁雯,信不信由你搜奇博物館,True,False,False,False,False,False,False,False,report togo,1564299545
U35,陳郁雯,淡水文化園區-殼牌倉庫,True,False,False,False,False,False,False,False,report togo,1564300231
U32,peter,淡水文化園區-殼牌倉庫,False,False,False,False,False,False,False,False,report anywhere,1564288912
U32,peter,淡水文化園區-殼牌倉庫,False,False,False,False,False,False,False,False,report anywhere,1564289324
U32,peter,大都會廣場,False,False,False,False,False,False,False,False,report anywhere,1564290565
U32,peter,目前在英專夜市,False,False,False,False,False,False,False,False,report anywhere,1564291122
U32,peter,華南銀行淡水,False,False,False,False,False,False,False,False,report anywhere,1564292263
U32,peter,淡水火車頭,False,False,False,False,False,False,False,False,report anywhere,1564292350
U32,peter,新建成餅店,False,False,False,False,False,False,False,False,report anywhere,1564292640
U32,peter,淡水龍山寺,False,False,False,False,False,False,False,False,report anywhere,1564293307
U32,peter,滬尾餅舖,False,False,False,False,False,False,False,False,report anywhere,1564293835
U32,peter,福佑宮,False,False,False,False,False,False,False,False,report anywhere,1564294210
U32,peter,吳記排骨酥,False,False,False,False,False,False,False,False,report anywhere,1564296949
U32,peter,觀宗寺,False,False,False,False,False,False,False,False,report anywhere,1564297066
U32,peter,大時代廣場,False,False,False,False,False,False,False,False,report anywhere,1564297912
U32,peter,全聯超市,False,False,False,False,False,False,False,False,report anywhere,1564300121
U32,peter,淡水捷運站,True,False,False,False,False,False,False,False,report togo,1564290299
U32,peter,英專夜市,True,False,False,False,False,False,False,False,report togo,1564291142
U32,peter,淡水老街,True,False,False,False,False,False,False,False,report togo,1564292478
U32,peter,老牌阿給,True,False,False,False,False,False,False,False,report togo,1564293369
U32,peter,許義魚酥,True,False,False,False,False,False,False,False,report togo,1564294153
U32,peter,三協成博物館,True,False,False,False,False,False,False,False,report togo,1564294379
U32,peter,可口魚丸,True,False,False,False,False,False,False,False,report togo,1564294385
U32,peter,阿媽的酸梅湯,True,False,False,False,False,False,False,False,report togo,1564294510
U32,peter,阿婆鐵蛋,True,False,False,False,False,False,False,False,report togo,1564294524
U32,peter,阿婆鐵蛋,True,False,False,False,False,False,False,False,report togo,1564294533
U32,peter,合益魚酥,True,False,False,False,False,False,False,False,report togo,1564294538
U32,peter,淡水渡船頭,True,False,False,False,False,False,False,False,report togo,1564295029
U32,peter,福佑宮,True,False,False,False,False,False,False,False,report togo,1564297971
U32,peter,淡水捷運站,True,False,False,False,False,False,False,False,report togo,1564297980
U32,peter,淡水渡船頭,True,False,False,False,False,False,False,False,report togo,1564297989
U32,peter,淡水老街,True,False,False,False,False,False,False,False,report togo,1564297998
U32,peter,文化阿給,True,False,False,False,False,False,False,False,report togo,1564298006
U32,peter,阿婆鐵蛋,True,False,False,False,False,False,False,False,report togo,1564298015
U32,peter,淡水文化園區-殼牌倉庫,True,False,False,False,False,False,False,False,report togo,1564298021
U32,peter,龍山寺,True,False,False,False,False,False,False,False,report togo,1564298033
U32,peter,源味本舖現烤蛋糕,True,False,False,False,False,False,False,False,report togo,1564298061
U32,peter,許義魚酥,True,False,False,False,False,False,False,False,report togo,1564298070
U32,peter,可口魚丸,True,False,False,False,False,False,False,False,report togo,1564298074
U32,peter,阿媽的酸梅湯,True,False,False,False,False,False,False,False,report togo,1564298079
U32,peter,英專夜市,True,False,False,False,False,False,False,False,report togo,1564298085
U32,peter,合益魚酥,True,False,False,False,False,False,False,False,report togo,1564298093
U32,peter,蒸汽火車BK20,True,False,False,False,False,False,False,False,report togo,1564298106
U32,peter,信不信由你搜奇博物館,True,False,False,False,False,False,False,False,report togo,1564298115
U32,peter,信不信由你搜奇博物館,True,False,False,False,False,False,False,False,report togo,1564298120
U66,孟,淡水捷運站,False,False,False,False,False,False,False,False,report anywhere,1564290571
U66,孟,李圓圓,False,False,False,False,False,False,False,False,report anywhere,1564292274
U66,孟,老虎堂,False,False,False,False,False,False,False,False,report anywhere,1564292799
U66,孟,龍山寺,False,False,False,False,False,False,False,False,report anywhere,1564293221
U66,孟,福佑宮,False,False,False,False,False,False,False,False,report anywhere,1564294255
U66,孟,幸福堂,False,False,False,False,False,False,False,False,report anywhere,1564294435
U66,孟,好樂迪,False,False,False,False,False,False,False,False,report anywhere,1564294618
U66,孟,信不信由你搜奇博物館,True,False,False,False,False,False,False,False,report togo,1564291589
U66,孟,源味本舖現烤蛋糕,True,False,False,False,False,False,False,False,report togo,1564292975
U66,孟,合益魚酥,True,False,False,False,False,False,False,False,report togo,1564293620
U66,孟,許義魚酥,True,False,False,False,False,False,False,False,report togo,1564294195
U66,孟,阿婆鐵蛋,True,False,False,False,False,False,False,False,report togo,1564294384
U66,孟,阿媽的酸梅湯,True,False,False,False,False,False,False,False,report togo,1564294397
U66,孟,可口魚丸,True,False,False,False,False,False,False,False,report togo,1564294558
U66,孟,淡水老街,True,False,False,False,False,False,False,False,report togo,1564294834
U66,孟,百葉溫州大餛飩,True,False,False,False,False,False,False,False,report togo,1564294836
U74,Alice,大都會廣場,False,False,False,False,False,False,False,False,report anywhere,1564291262
U74,Alice,紅毛城,False,False,False,False,False,False,False,False,report anywhere,1564291856
U74,Alice,理學堂大書院,False,False,False,False,False,False,False,False,report anywhere,1564293284
U74,Alice,淡水女學堂,False,False,False,False,False,False,False,False,report anywhere,1564294059
U74,Alice,小白宮,False,False,False,False,False,False,False,False,report anywhere,1564294252
U74,Alice,文化阿給,False,False,False,False,False,False,False,False,report anywhere,1564294650
U74,Alice,朝日夫婦,False,False,False,False,False,False,False,False,report anywhere,1564296645
U74,Alice,淡水捷運站,False,False,False,False,False,False,False,False,report anywhere,1564301854
U74,Alice,淡水文化園區-殼牌倉庫,True,False,False,False,False,False,False,False,report togo,1564290767
U74,Alice,英國領事館,True,False,False,False,False,False,False,False,report togo,1564292628
U74,Alice,紅毛城,True,False,False,False,False,False,False,False,report togo,1564292634
U74,Alice,真理大學禮拜堂,True,False,False,False,False,False,False,False,report togo,1564293066
U74,Alice,真理大學,True,False,False,False,False,False,False,False,report togo,1564293212
U74,Alice,牧師樓,True,False,False,False,False,False,False,False,report togo,1564293670
U74,Alice,姑娘樓,True,False,False,False,False,False,False,False,report togo,1564293797
U74,Alice,馬偕故居(馬偕紀念館),True,False,False,False,False,False,False,False,report togo,1564293807
U74,Alice,百葉溫州大餛飩,True,False,False,False,False,False,False,False,report togo,1564295899
U74,Alice,可口魚丸,True,False,False,False,False,False,False,False,report togo,1564295906
U74,Alice,藝術穿堂,True,False,False,False,False,False,False,False,report togo,1564295978
U74,Alice,藝術工坊,True,False,False,False,False,False,False,False,report togo,1564296175
U74,Alice,馬偕上岸處,True,False,False,False,False,False,False,False,report togo,1564296281
U29,p3,蒸汽火車BK20,False,False,False,False,False,False,False,False,report anywhere,1564291929
U29,p3,烤鳥蛋達人,False,False,False,False,False,False,False,False,report anywhere,1564293340
U29,p3,淡水渡船頭,False,False,False,False,False,False,False,False,report anywhere,1564293475
U29,p3,紅毛城,True,False,False,False,False,False,False,False,report anywhere,1564297148
U29,p3,齊柏林館,False,False,False,False,False,False,False,False,report anywhere,1564297591
U29,p3,紅城小鋪,False,False,False,False,False,False,False,False,report anywhere,1564300327
U51,Shawn,淡水老街,False,False,False,False,False,False,False,False,report anywhere,1564291174
U51,Shawn,麻吉奶奶,False,False,False,False,False,False,False,False,report anywhere,1564291974
U51,Shawn,馬偕雕像,False,False,False,False,False,False,False,False,report anywhere,1564292534
U51,Shawn,滬尾偕醫館,False,False,False,False,False,False,False,False,report anywhere,1564292620
U51,Shawn,多田榮吉故居,False,False,False,False,False,False,False,False,report anywhere,1564293047
U51,Shawn,小白宮,False,False,False,False,False,False,False,False,report anywhere,1564296067
U51,Shawn,教士會館,False,False,False,False,False,False,False,False,report anywhere,1564296342
U51,Shawn,真理大學,False,False,False,False,False,False,False,False,report anywhere,1564296733
U51,Shawn,真理大學禮拜堂,False,False,False,False,False,False,False,False,report anywhere,1564296910
U51,Shawn,理學堂大書院,False,False,False,False,False,False,False,False,report anywhere,1564297179
U51,Shawn,紅毛城,False,False,False,False,False,False,False,False,report anywhere,1564297994
U51,Shawn,海關碼頭,False,False,False,False,False,False,False,False,report anywhere,1564299005
U51,Shawn,福佑宮,False,False,False,False,False,False,False,False,report anywhere,1564300172
U51,Shawn,淡水捷運站,True,False,False,False,False,False,False,False,report togo,1564290921
U51,Shawn,金色水岸自行車道,True,False,False,False,False,False,False,False,report togo,1564291257
U51,Shawn,合益魚酥,True,False,False,False,False,False,False,False,report togo,1564291743
U51,Shawn,阿媽的酸梅湯,True,False,False,False,False,False,False,False,report togo,1564292080
U51,Shawn,阿婆鐵蛋,True,False,False,False,False,False,False,False,report togo,1564292250
U51,Shawn,可口魚丸,True,False,False,False,False,False,False,False,report togo,1564292261
U51,Shawn,百葉溫州大餛飩,True,False,False,False,False,False,False,False,report togo,1564292413
U51,Shawn,文化阿給,True,False,False,False,False,False,False,False,report togo,1564293382
U48,Josh,穀牌倉庫,False,False,False,False,False,False,False,False,report anywhere,1564289786
U48,Josh,淡水渡船頭,False,False,False,False,False,False,False,False,report anywhere,1564296951
U48,Josh,淡水捷運站,True,False,False,False,False,False,False,False,report togo,1564290303
U48,Josh,淡水捷運站,True,False,False,False,False,False,False,False,report togo,1564290327
U48,Josh,金色水岸,True,False,False,False,False,False,False,False,report togo,1564290642
U48,Josh,金色水岸,True,False,False,False,False,False,False,False,report togo,1564290652
U48,Josh,蒸汽火車BK20,True,False,False,False,False,False,False,False,report togo,1564296217
U48,Josh,蒸汽火車BK20,True,False,False,False,False,False,False,False,report togo,1564296239
U48,Josh,淡水老街,True,False,False,False,False,False,False,False,report togo,1564296425
U48,Josh,紅毛城,True,False,False,False,False,False,False,False,report togo,1564297829
U48,Josh,海關碼頭,True,False,False,False,False,False,False,False,report togo,1564298130
U48,Josh,海關碼頭,True,False,False,False,False,False,False,False,report togo,1564298157
U48,Josh,金色水岸自行車道,True,False,False,False,False,False,False,False,report togo,1564300407
U48,Josh,金色水岸自行車道,True,False,False,False,False,False,False,False,report togo,1564300425
U78,兩津堪吉,,False,False,False,False,False,False,False,False,report anywhere,1564290387
U78,兩津堪吉,理學堂大書院,False,False,False,False,False,False,False,False,report anywhere,1564295193
U78,兩津堪吉,真理大學禮拜堂,False,False,False,False,False,False,False,False,report anywhere,1564295312
U78,兩津堪吉,真理大學,False,False,False,False,False,False,False,False,report anywhere,1564295340
U78,兩津堪吉,海關碼頭,False,False,False,False,False,False,False,False,report anywhere,1564299875
U78,兩津堪吉,福佑宮,False,False,False,False,False,False,False,False,report anywhere,1564300885
U78,兩津堪吉,信不信由你搜奇博物館,False,False,False,False,False,False,False,False,report anywhere,1564302013
U78,兩津堪吉,海關碼頭,False,False,False,False,False,False,False,False,report anywhere,1564304211
U78,兩津堪吉,淡水捷運站,True,False,False,False,False,False,False,False,report togo,1564290323
U78,兩津堪吉,紅毛城,True,False,False,False,False,False,False,False,report togo,1564293482
U78,兩津堪吉,淡水老街,True,False,False,False,False,False,False,False,report togo,1564293500
U78,兩津堪吉,紅毛城,True,False,False,False,False,False,False,False,report togo,1564293684
U78,兩津堪吉,淡水捷運站,True,False,False,False,False,False,False,False,report togo,1564293693
U78,兩津堪吉,淡水老街,True,False,False,False,False,False,False,False,report togo,1564293704
U78,兩津堪吉,淡水捷運站,True,False,False,False,False,False,False,False,report togo,1564293735
U78,兩津堪吉,紅毛城,True,False,False,False,False,False,False,False,report togo,1564293741
U78,兩津堪吉,小白宮,True,False,False,False,False,False,False,False,report togo,1564295207
U78,兩津堪吉,小白宮,True,False,False,False,False,False,False,False,report togo,1564295239
U27,小雁,龍山寺,False,False,False,False,False,False,False,False,report anywhere,1564292432
U27,小雁,清水巖,False,False,False,False,False,False,False,False,report anywhere,1564292866
U27,小雁,重建街戀愛巷,False,False,False,False,False,False,False,False,report anywhere,1564293380
U27,小雁,文化阿給,False,False,False,False,False,False,False,False,report anywhere,1564294985
U27,小雁,真理大學,False,False,False,False,False,False,False,False,report anywhere,1564296200
U27,小雁,真理大學禮拜堂,False,False,False,False,False,False,False,False,report anywhere,1564297191
U27,小雁,紅毛城,False,False,False,False,False,False,False,False,report anywhere,1564297928
U27,小雁,海關碼頭,False,False,False,False,False,False,False,False,report anywhere,1564299647
U27,小雁,淡水榕樹道,True,False,False,False,False,False,False,False,report togo,1564300214
U27,小雁,老牌阿給,True,False,False,False,False,False,False,False,report togo,1564300246
U27,小雁,源味本舖現烤蛋糕,True,False,False,False,False,False,False,False,report togo,1564300264
U27,小雁,淡水捷運站,True,False,False,False,False,False,False,False,report togo,1564301429
U27,小雁,淡水文化園區-殼牌倉庫,True,False,False,False,False,False,False,False,report togo,1564301757
U03,jj,淡水渡船頭,True,False,False,False,False,False,False,False,report togo,1564290508
U03,jj,淡水老街,True,False,False,False,False,False,False,False,report togo,1564290641
U03,jj,三協成博物館,True,False,False,False,False,False,False,False,report togo,1564292151
U03,jj,淡水老街,True,False,False,False,False,False,False,False,report togo,1564292318
U03,jj,合益魚酥,True,False,False,False,False,False,False,False,report togo,1564292338
U03,jj,許義魚酥,True,False,False,False,False,False,False,False,report togo,1564292440
U03,jj,福佑宮,True,False,False,False,False,False,False,False,report togo,1564292514
U03,jj,阿婆鐵蛋,True,False,False,False,False,False,False,False,report togo,1564292819
U03,jj,阿婆鐵蛋,True,False,False,False,False,False,False,False,report togo,1564292886
U03,jj,阿媽的酸梅湯,True,False,False,False,False,False,False,False,report togo,1564293050
U03,jj,淡水捷運站,True,False,False,False,False,False,False,False,report togo,1564293094
U03,jj,可口魚丸,True,False,False,False,False,False,False,False,report togo,1564293165
U03,jj,百葉溫州大餛飩,True,False,False,False,False,False,False,False,report togo,1564293350
U03,jj,源味本舖現烤蛋糕,True,False,False,False,False,False,False,False,report togo,1564293558
U03,jj,馬偕銅像,True,False,False,False,False,False,False,False,report togo,1564294921
U03,jj,滬尾偕醫館,True,False,False,False,False,False,False,False,report togo,1564294934
U03,jj,淡水禮拜堂,True,False,False,False,False,False,False,False,report togo,1564295033
U03,jj,藝術穿堂,True,False,False,False,False,False,False,False,report togo,1564296284
U03,jj,龍山寺,True,False,False,False,False,False,False,False,report togo,1564297006
U03,jj,蒸汽火車BK20,True,False,False,False,False,False,False,False,report togo,1564297216
U03,jj,海風餐廳,True,False,False,False,False,False,False,False,report togo,1564297488
U03,jj,淡水文化園區-殼牌倉庫,True,False,False,False,False,False,False,False,report togo,1564297676
U10,zya,合益魚酥,False,False,False,False,False,False,False,False,report anywhere,1564291085
U10,zya,金色水岸,True,False,False,False,False,False,False,False,report togo,1564289959
U10,zya,淡水捷運站,True,False,False,False,False,False,False,False,report togo,1564290112
U10,zya,淡水老街,True,False,False,False,False,False,False,False,report togo,1564290488
U10,zya,阿婆鐵蛋,True,False,False,False,False,False,False,False,report togo,1564290741
U10,zya,福佑宮,True,False,False,False,False,False,False,False,report togo,1564291098
U06,阿光,黑殿飯店,False,False,False,False,False,False,False,False,report anywhere,1564291158
U06,阿光,淡水老街口變電箱,False,False,False,False,False,False,False,False,report anywhere,1564291407
U06,阿光,海風餐廳,False,False,False,False,False,False,False,False,report anywhere,1564291480
U06,阿光,緣味古早味蛋糕,False,False,False,False,False,False,False,False,report anywhere,1564291888
U06,阿光,龍山寺,False,False,False,False,False,False,False,False,report anywhere,1564292028
U06,阿光,馬偕之路,False,False,False,False,False,False,False,False,report anywhere,1564292490
U06,阿光,淡水中正觀光市場,False,False,False,False,False,False,False,False,report anywhere,1564292619
U06,阿光,汪記燒餅,False,False,False,False,False,False,False,False,report anywhere,1564292817
U06,阿光,金色水岸,False,False,False,False,False,False,False,False,report anywhere,1564293019
U06,阿光,屎礐渡頭,False,False,False,False,False,False,False,False,report anywhere,1564293298
U06,阿光,阿媽的酸梅湯,False,False,False,False,False,False,False,False,report anywhere,1564293390
U06,阿光,三協成博物館,False,False,False,False,False,False,False,False,report anywhere,1564293853
U06,阿光,三協成餅鋪,False,False,False,False,False,False,False,False,report anywhere,1564294238
U06,阿光,福佑宮,False,False,False,False,False,False,False,False,report anywhere,1564294490
U06,阿光,半坪屋,False,False,False,False,False,False,False,False,report anywhere,1564294721
U06,阿光,淡水渡船頭,False,False,False,False,False,False,False,False,report anywhere,1564295384
U06,阿光,淡水渡船頭,False,False,False,False,False,False,False,False,report anywhere,1564295435
U06,阿光,馬偕銅像,False,False,False,False,False,False,False,False,report anywhere,1564295799
U06,阿光,藝術工坊,False,False,False,False,False,False,False,False,report anywhere,1564296265
U06,阿光,齊柏林空間水管,False,False,False,False,False,False,False,False,report anywhere,1564296525
U06,阿光,得忌利士洋行,False,False,False,False,False,False,False,False,report anywhere,1564296651
U06,阿光,朝日夫婦,False,False,False,False,False,False,False,False,report anywhere,1564297505
U06,阿光,中正路235號,False,False,False,False,False,False,False,False,report anywhere,1564297581
U06,阿光,又有貓貓指示,False,False,False,False,False,False,False,False,report anywhere,1564297747
U06,阿光,梅園,False,False,False,False,False,False,False,False,report anywhere,1564297927
U06,阿光,多田榮吉故居,False,False,False,False,False,False,False,False,report anywhere,1564298022
U06,阿光,紅毛城,False,False,False,False,False,False,False,False,report anywhere,1564298854
U06,阿光,蒸汽火車BK20,True,False,False,False,False,False,False,False,report togo,1564290817
U06,阿光,龍山寺,True,False,False,False,False,False,False,False,report togo,1564292219
U06,阿光,許義魚酥,True,False,False,False,False,False,False,False,report togo,1564294328
U06,阿光,阿婆鐵蛋,True,False,False,False,False,False,False,False,report togo,1564294673
U06,阿光,藝術穿堂,True,False,False,False,False,False,False,False,report togo,1564295950
U06,阿光,文化阿給,True,False,False,False,False,False,False,False,report togo,1564298167
U06,阿光,牧師樓,True,False,False,False,False,False,False,False,report togo,1564298627
U06,阿光,姑娘樓,True,False,False,False,False,False,False,False,report togo,1564298692
U21,hohoho,金色水岸,True,False,False,False,False,False,False,False,report togo,1564289969
U21,hohoho,淡水捷運站,True,False,False,False,False,False,False,False,report togo,1564290482
U21,hohoho,合益魚酥,True,False,False,False,False,False,False,False,report togo,1564290976
U21,hohoho,淡水老街,True,False,False,False,False,False,False,False,report togo,1564291167
U21,hohoho,清水巖,True,False,False,False,False,False,False,False,report togo,1564304102
U11,藍,淡水紅樓,False,False,False,False,False,False,False,False,report anywhere,1564294675
U11,藍,淡水文化園區-殼牌倉庫,True,False,False,False,False,False,False,False,report togo,1564290649
U11,藍,許義魚酥,True,False,False,False,False,False,False,False,report togo,1564292437
U11,藍,合益魚酥,True,False,False,False,False,False,False,False,report togo,1564292445
U11,藍,阿媽的酸梅湯,True,False,False,False,False,False,False,False,report togo,1564292668
U11,藍,阿婆鐵蛋,True,False,False,False,False,False,False,False,report togo,1564292721
U11,藍,百葉溫州大餛飩,True,False,False,False,False,False,False,False,report togo,1564293009
U11,藍,馬偕銅像,True,False,False,False,False,False,False,False,report togo,1564294413
U11,藍,木下靜涯紀念公園,True,False,False,False,False,False,False,False,report togo,1564295019
U11,藍,文化阿給,True,False,False,False,False,False,False,False,report togo,1564296423
U11,藍,多田榮吉故居,True,False,False,False,False,False,False,False,report togo,1564298114
U11,藍,小白宮,True,False,False,False,False,False,False,False,report togo,1564298656
U11,藍,真理大學禮拜堂,True,False,False,False,False,False,False,False,report togo,1564299612
U11,藍,紅毛城,True,False,False,False,False,False,False,False,report togo,1564300104
U11,藍,英國領事館,True,False,False,False,False,False,False,False,report togo,1564300201
U46,yaaaaa,滬尾偕醫館,False,False,False,False,False,False,False,False,report anywhere,1564291521
U46,yaaaaa,海關碼頭,False,False,False,False,False,False,False,False,report anywhere,1564300288
U46,yaaaaa,淡水老街,False,False,False,False,False,False,False,False,report anywhere,1564301154
U46,yaaaaa,淡水文化園區-殼牌倉庫,True,False,False,False,False,False,False,False,report togo,1564289251
U46,yaaaaa,金色水岸,True,False,False,False,False,False,False,False,report togo,1564290451
U46,yaaaaa,金色水岸自行車道,True,False,False,False,False,False,False,False,report togo,1564290986
U46,yaaaaa,淡水禮拜堂,True,False,False,False,False,False,False,False,report togo,1564291653
U46,yaaaaa,多田榮吉故居,True,False,False,False,False,False,False,False,report togo,1564292111
U46,yaaaaa,小白宮,True,False,False,False,False,False,False,False,report togo,1564293918
U46,yaaaaa,馬偕故居(馬偕紀念館),True,False,False,False,False,False,False,False,report togo,1564295207
U46,yaaaaa,姑娘樓,True,False,False,False,False,False,False,False,report togo,1564295601
U46,yaaaaa,牧師樓,True,False,False,False,False,False,False,False,report togo,1564295791
U46,yaaaaa,理學堂大書院,True,False,False,False,False,False,False,False,report togo,1564296468
U46,yaaaaa,紅毛城,True,False,False,False,False,False,False,False,report togo,1564299003
U46,yaaaaa,淡水榕樹道,True,False,False,False,False,False,False,False,report togo,1564300818
U67,未來人,,False,False,False,False,False,False,False,False,report anywhere,1564294044
U67,未來人,,False,False,False,False,False,False,False,False,report anywhere,1564294208
U67,未來人,,False,False,False,False,False,False,False,False,report anywhere,1564294296
U67,未來人,,False,False,False,False,False,False,False,False,report anywhere,1564294753
U67,未來人,,False,False,False,False,False,False,False,False,report anywhere,1564295170
U67,未來人,教士會館,False,False,False,False,False,False,False,False,report anywhere,1564297456
U67,未來人,淡水渡船頭,True,False,False,False,False,False,False,False,report togo,1564297961
U67,未來人,馬偕故居(馬偕紀念館),True,False,False,False,False,False,False,False,report togo,1564297969
U67,未來人,姑娘樓,True,False,False,False,False,False,False,False,report togo,1564297973
U67,未來人,牧師樓,True,False,False,False,False,False,False,False,report togo,1564297975
U67,未來人,理學堂大書院,True,False,False,False,False,False,False,False,report togo,1564297978
U67,未來人,信不信由你搜奇博物館,True,False,False,False,False,False,False,False,report togo,1564298931
U73,paul,騎行天下,False,False,False,False,False,False,False,False,report anywhere,1564290131
U73,paul,超像素描,False,False,False,False,False,False,False,False,report anywhere,1564290682
U73,paul,星巴客,False,False,False,False,False,False,False,False,report anywhere,1564291214
U73,paul,中正美食廣場,False,False,False,False,False,False,False,False,report anywhere,1564298350
U73,paul,miniso,False,False,False,False,False,False,False,False,report anywhere,1564298784
U73,paul,英專夜市,False,False,False,False,False,False,False,False,report togo,1564290703
U73,paul,金色水岸,True,False,False,False,False,False,False,False,report togo,1564290711
U73,paul,文化阿給,True,False,False,False,False,False,False,False,report togo,1564292780
U73,paul,源味本舖現烤蛋糕,True,False,False,False,False,False,False,False,report togo,1564297420
U73,paul,淡水渡船頭,True,False,False,False,False,False,False,False,report togo,1564298181
U01,萬事有成,淡水渡船頭,False,False,False,False,False,False,False,False,report anywhere,1564295376
U01,萬事有成,金色水岸,False,False,False,False,False,False,False,False,report anywhere,1564295462
U01,萬事有成,陳澄波戶外美術館,False,False,False,False,False,False,False,False,report anywhere,1564298335
U01,萬事有成,遊滬旅遊中心,False,False,False,False,False,False,False,False,report anywhere,1564298393
U01,萬事有成,小禮堂,False,False,False,False,False,False,False,False,report anywhere,1564298470
U01,萬事有成,淡水文化園區-殼牌倉庫,True,False,False,False,False,False,False,False,report togo,1564289983
U01,萬事有成,淡水捷運站,True,False,False,False,False,False,False,False,report togo,1564290299
U01,萬事有成,淡水老街,True,False,False,False,False,False,False,False,report togo,1564290759
U01,萬事有成,三協成博物館,True,False,False,False,False,False,False,False,report togo,1564291689
U01,萬事有成,許義魚酥,True,False,False,False,False,False,False,False,report togo,1564292295
U01,萬事有成,合益魚酥,True,False,False,False,False,False,False,False,report togo,1564292301
U01,萬事有成,馬偕銅像,True,False,False,False,False,False,False,False,report togo,1564293306
U01,萬事有成,阿婆鐵蛋,True,False,False,False,False,False,False,False,report togo,1564293313
U01,萬事有成,阿媽的酸梅湯,True,False,False,False,False,False,False,False,report togo,1564293319
U01,萬事有成,百葉溫州大餛飩,True,False,False,False,False,False,False,False,report togo,1564293352
U01,萬事有成,源味本舖現烤蛋糕,True,False,False,False,False,False,False,False,report togo,1564293360
U01,萬事有成,福佑宮,True,False,False,False,False,False,False,False,report togo,1564293372
U01,萬事有成,可口魚丸,True,False,False,False,False,False,False,False,report togo,1564293387
U01,萬事有成,馬偕租屋處,True,False,False,False,False,False,False,False,report togo,1564294289
U01,萬事有成,淡水禮拜堂,True,False,False,False,False,False,False,False,report togo,1564294302
U01,萬事有成,滬尾偕醫館,True,False,False,False,False,False,False,False,report togo,1564294306
U01,萬事有成,馬偕上岸處,True,False,False,False,False,False,False,False,report togo,1564294495
U01,萬事有成,淡水榕樹道,True,False,False,False,False,False,False,False,report togo,1564294522
U01,萬事有成,藝術工坊,True,False,False,False,False,False,False,False,report togo,1564294641
U01,萬事有成,白樓故事牆,True,False,False,False,False,False,False,False,report togo,1564294862
U01,萬事有成,藝術穿堂,True,False,False,False,False,False,False,False,report togo,1564295516
U01,萬事有成,龍山寺,True,False,False,False,False,False,False,False,report togo,1564296889
U01,萬事有成,清水巖,True,False,False,False,False,False,False,False,report togo,1564296896
U01,萬事有成,3D意象彩繪階梯,True,False,False,False,False,False,False,False,report togo,1564296906
U01,萬事有成,木下靜涯紀念公園,True,False,False,False,False,False,False,False,report togo,1564297118
U01,萬事有成,蒸汽火車BK20,True,False,False,False,False,False,False,False,report togo,1564297222
U01,萬事有成,海風餐廳,True,False,False,False,False,False,False,False,report togo,1564297495
U01,萬事有成,多田榮吉故居,True,False,False,False,False,False,False,False,report togo,1564297555
U01,萬事有成,重建街戀愛巷,True,False,False,False,False,False,False,False,report togo,1564297809
U01,萬事有成,文化阿給,True,False,False,False,False,False,False,False,report togo,1564297902
U65,77,淡水捷運站,False,False,False,False,False,False,False,False,report anywhere,1564290606
U65,77,信不信由你搜奇博物館,False,False,False,False,False,False,False,False,report anywhere,1564291991
U65,77,李圓圓黑糖珍珠鮮奶,False,False,False,False,False,False,False,False,report anywhere,1564292346
U65,77,老虎堂,False,False,False,False,False,False,False,False,report anywhere,1564292760
U65,77,龍山寺,False,False,False,False,False,False,False,False,report anywhere,1564293223
U65,77,福佑宮,False,False,False,False,False,False,False,False,report anywhere,1564294268
U65,77,幸福堂,False,False,False,False,False,False,False,False,report anywhere,1564294455
U65,77,源味本舖現烤蛋糕,True,False,False,False,False,False,False,False,report togo,1564293031
U65,77,許義魚酥,True,False,False,False,False,False,False,False,report togo,1564294200
U65,77,阿婆鐵蛋,True,False,False,False,False,False,False,False,report togo,1564294390
U65,77,阿媽的酸梅湯,True,False,False,False,False,False,False,False,report togo,1564294410
U65,77,可口魚丸,True,False,False,False,False,False,False,False,report togo,1564294560
U65,77,淡水老街,True,False,False,False,False,False,False,False,report togo,1564294895
